<?xml version="1.0" encoding="UTF-8"?>
<project-private xmlns="http://www.netbeans.org/ns/project-private/1">
    <editor-bookmarks xmlns="http://www.netbeans.org/ns/editor-bookmarks/2" lastBookmarkId="0"/>
    <open-files xmlns="http://www.netbeans.org/ns/projectui-open-files/2">
        <group>
            <file>file:/Users/macbookair/Downloads/CandyCrush-master/src/learnhub/Quiz.java</file>
            <file>file:/Users/macbookair/Downloads/CandyCrush-master/src/learnhub/CourseContent.java</file>
            <file>file:/Users/macbookair/Downloads/CandyCrush-master/src/learnhub/Login.java</file>
            <file>file:/Users/macbookair/Downloads/CandyCrush-master/src/learnhub/Presence.java</file>
            <file>file:/Users/macbookair/Downloads/CandyCrush-master/src/learnhub/tes.java</file>
            <file>file:/Users/macbookair/Downloads/CandyCrush-master/src/learnhub/Menu.java</file>
            <file>file:/Users/macbookair/Downloads/CandyCrush-master/src/learnhub/Topic.java</file>
            <file>file:/Users/macbookair/Downloads/CandyCrush-master/src/learnhub/ForgotPassword.java</file>
            <file>file:/Users/macbookair/Downloads/CandyCrush-master/src/learnhub/Course.java</file>
            <file>file:/Users/macbookair/Downloads/CandyCrush-master/src/learnhub/LearnHub.java</file>
        </group>
    </open-files>
</project-private>
